Time,Age_band_of_driver,Sex_of_driver,Educational_level,Vehicle_driver_relation,Driving_experience,Lanes_or_Medians,Types_of_Junction,Road_surface_type,Light_conditions,Weather_conditions,Type_of_collision,Vehicle_movement,Pedestrian_movement,Cause_of_accident,Accident_severity
15:30:00,31-50,Male,Elementary school,Employee,2-5yr,Two-way (divided with broken lines road marking),Y Shape,Asphalt roads,Darkness - lights lit,Other,Vehicle with vehicle collision,Going straight,Not a Pedestrian,Other,Slight Injury
15:30:00,31-50,Male,Elementary school,Owner,Above 10yr,Undivided Two way,Y Shape,Asphalt roads,Darkness - lights lit,Windy,Collision with pedestrians,Going straight,Not a Pedestrian,Changing lane to the left,Slight Injury
03:32:00,Under 18,Male,Junior high school,Employee,1-2yr,Undivided Two way,Y Shape,Asphalt roads,Darkness - lights lit,Windy,Vehicle with vehicle collision,Going straight,Not a Pedestrian,No priority to pedestrian,Slight Injury
04:00:00,18-30,Male,Junior high school,Employee,5-10yr,Undivided Two way,Y Shape,Asphalt roads,Daylight,Normal,Collision with roadside objects,Turnover,Not a Pedestrian,Changing lane to the left,Fatal injury
04:00:00,18-30,Male,Junior high school,Employee,2-5yr,Undivided Two way,Y Shape,Asphalt roads,Darkness - lights lit,Raining,Vehicle with vehicle collision,Moving Backward,Not a Pedestrian,No distancing,Serious Injury
04:00:00,18-30,Male,Junior high school,Employee,2-5yr,Undivided Two way,No junction,Asphalt roads,Darkness - lights lit,Raining,Vehicle with vehicle collision,Going straight,Not a Pedestrian,Moving Backward,Serious Injury
04:00:00,18-30,Male,Junior high school,Employee,2-5yr,Two-way (divided with broken lines road marking),No junction,Asphalt roads,Daylight,Unknown,Vehicle with vehicle collision,Going straight,Not a Pedestrian,Changing lane to the left,Slight Injury
15:50:00,18-30,Male,Junior high school,Employee,2-5yr,Two-way (divided with broken lines road marking),Crossing,Asphalt roads,Daylight,Unknown,Vehicle with vehicle collision,Moving Backward,Not a Pedestrian,Other,Slight Injury
08:50:00,Under 18,Male,Junior high school,Employee,Above 10yr,Two-way (divided with broken lines road marking),Crossing,Asphalt roads,Darkness - lights lit,Normal,Vehicle with vehicle collision,Going straight,Not a Pedestrian,No distancing,Slight Injury
00:25:00,18-30,Male,Junior high school,Employee,Above 10yr,Undivided Two way,Y Shape,Asphalt roads with some distress,Darkness - lights lit,Unknown,Vehicle with vehicle collision,Moving Backward,Not a Pedestrian,Moving Backward,Serious Injury
00:25:00,31-50,Male,Elementary school,Employee,5-10yr,Two-way (divided with broken lines road marking),Y Shape,Asphalt roads,Daylight,Normal,Vehicle with vehicle collision,Going straight,Not a Pedestrian,No distancing,Slight Injury
00:25:00,31-50,Female,,Employee,,Two-way (divided with broken lines road marking),No junction,Asphalt roads,Daylight,Normal,Vehicle with vehicle collision,Going straight,Not a Pedestrian,Changing lane to the left,Slight Injury
00:10:00,18-30,Male,,Employee,2-5yr,Undivided Two way,No junction,Asphalt roads,Daylight,Normal,Vehicle with vehicle collision,Going straight,Not a Pedestrian,Changing lane to the left,Slight Injury
00:10:00,18-30,Male,Elementary school,Employee,5-10yr,other,No junction,Asphalt roads,Daylight,Normal,Collision with roadside objects,Other,Not a Pedestrian,No priority to pedestrian,Slight Injury
15:20:00,Unknown,Male,Junior high school,Employee,5-10yr,other,No junction,Gravel roads,Daylight,Normal,Vehicle with vehicle collision,Other,Not a Pedestrian,Changing lane to the left,Slight Injury
15:20:00,31-50,Male,Junior high school,Employee,Above 10yr,Two-way (divided with broken lines road marking),Crossing,Asphalt roads,Daylight,Normal,Collision with roadside objects,Going straight,Not a Pedestrian,Driving carelessly,Slight Injury
15:20:00,31-50,Male,Junior high school,Employee,5-10yr,Two-way (divided with broken lines road marking),Crossing,Asphalt roads,Daylight,Normal,Vehicle with vehicle collision,Reversing,Not a Pedestrian,Driving carelessly,Slight Injury
16:30:00,Under 18,Male,Junior high school,Employee,Above 10yr,other,Y Shape,Asphalt roads,Darkness - lights lit,Raining,Vehicle with vehicle collision,Going straight,Not a Pedestrian,No priority to pedestrian,Slight Injury
16:30:00,Under 18,Male,Elementary school,Employee,Below 1yr,Undivided Two way,Y Shape,Asphalt roads,Darkness - lights lit,Raining,,Going straight,Not a Pedestrian,Getting off the vehicle improperly,Slight Injury
01:05:00,Under 18,Male,Elementary school,Employee,5-10yr,other,Y Shape,Asphalt roads,Daylight,Normal,Collision with pedestrians,Going straight,Not a Pedestrian,No distancing,Slight Injury
01:05:00,31-50,Male,Elementary school,Employee,1-2yr,Two-way (divided with broken lines road marking),Y Shape,Asphalt roads,Daylight,Normal,Vehicle with vehicle collision,Going straight,Not a Pedestrian,Changing lane to the left,Slight Injury
19:40:00,Over 51,Male,Elementary school,Employee,5-10yr,Two-way (divided with broken lines road marking),O Shape,Asphalt roads,Daylight,Normal,Vehicle with vehicle collision,Moving Backward,"In carriageway, statioNot a Pedestrianry - not crossing  (standing or playing)",No priority to vehicle,Slight Injury
19:40:00,31-50,Male,Elementary school,Employee,5-10yr,Two-way (divided with broken lines road marking),Y Shape,Asphalt roads,Daylight,Normal,Vehicle with vehicle collision,Going straight,Not a Pedestrian,No distancing,Slight Injury
19:40:00,31-50,Male,Elementary school,Employee,2-5yr,Two-way (divided with broken lines road marking),Y Shape,Asphalt roads,Daylight,Normal,Collision with pedestrians,Going straight,Not a Pedestrian,No priority to pedestrian,Slight Injury
19:08:00,18-30,Male,Elementary school,Employee,5-10yr,Two-way (divided with broken lines road marking),Y Shape,Asphalt roads,Daylight,Normal,Collision with roadside objects,Going straight,Not a Pedestrian,No priority to pedestrian,Slight Injury
19:08:00,18-30,Male,,,5-10yr,Undivided Two way,Y Shape,Asphalt roads,Daylight,Normal,,Going straight,Not a Pedestrian,No priority to vehicle,Slight Injury
17:50:00,Over 51,Male,Junior high school,Employee,Above 10yr,Undivided Two way,Y Shape,Asphalt roads,Daylight,Normal,Vehicle with vehicle collision,Going straight,Not a Pedestrian,Driving carelessly,Slight Injury
17:50:00,18-30,Male,Junior high school,Employee,Above 10yr,Double carriageway (median),Y Shape,Asphalt roads,Daylight,Normal,,Moving Backward,Not a Pedestrian,Changing lane to the right,Serious Injury
21:30:00,31-50,Male,Elementary school,Employee,Below 1yr,Two-way (divided with broken lines road marking),Y Shape,Asphalt roads,Daylight,Normal,,Going straight,Not a Pedestrian,Changing lane to the left,Serious Injury
21:30:00,31-50,Male,Elementary school,Employee,5-10yr,Unknown,Y Shape,Asphalt roads,Daylight,Normal,,Going straight,Not a Pedestrian,Moving Backward,Serious Injury
14:49:00,Over 51,Male,Elementary school,Owner,5-10yr,Undivided Two way,Y Shape,Asphalt roads,Darkness - lights lit,Normal,Vehicle with vehicle collision,Moving Backward,Not a Pedestrian,Driving carelessly,Slight Injury
14:49:00,Over 51,Male,Elementary school,Employee,2-5yr,Two-way (divided with broken lines road marking),Y Shape,Asphalt roads,Darkness - lights lit,Normal,Vehicle with vehicle collision,Moving Backward,Not a Pedestrian,Driving to the left,Slight Injury
14:49:00,18-30,Male,Elementary school,Employee,Above 10yr,Undivided Two way,Y Shape,Asphalt roads,Darkness - lights lit,Normal,Collision with roadside objects,Going straight,Not a Pedestrian,Driving to the left,Slight Injury
17:40:00,31-50,Male,Elementary school,Employee,2-5yr,other,No junction,Asphalt roads,Darkness - lights lit,Normal,Collision with roadside objects,Turnover,Not a Pedestrian,No priority to pedestrian,Slight Injury
17:40:00,Over 51,Male,Junior high school,Employee,Above 10yr,Two-way (divided with broken lines road marking),No junction,Asphalt roads,Daylight,Normal,Vehicle with vehicle collision,Turnover,Not a Pedestrian,Changing lane to the left,Slight Injury
21:55:00,18-30,Male,Junior high school,Employee,Below 1yr,Double carriageway (median),Crossing,Earth roads,Daylight,Normal,Vehicle with vehicle collision,Going straight,Crossing from offside - masked by  parked or statioNot a Pedestrianry vehicle,Changing lane to the right,Slight Injury
21:55:00,18-30,Male,Junior high school,Employee,2-5yr,Double carriageway (median),Crossing,Asphalt roads,Darkness - lights lit,Other,Vehicle with vehicle collision,Going straight,Not a Pedestrian,Driving carelessly,Slight Injury
07:30:00,18-30,Male,Elementary school,Employee,5-10yr,Two-way (divided with broken lines road marking),Crossing,Asphalt roads,Darkness - lights lit,Other,Vehicle with vehicle collision,Going straight,Not a Pedestrian,No distancing,Slight Injury
07:30:00,31-50,Male,Elementary school,Employee,5-10yr,Two-way (divided with broken lines road marking),Crossing,Asphalt roads,Darkness - lights lit,Normal,Vehicle with vehicle collision,Going straight,Not a Pedestrian,Getting off the vehicle improperly,Slight Injury
10:41:00,31-50,Male,Elementary school,Employee,1-2yr,Two-way (divided with broken lines road marking),Crossing,Asphalt roads,Darkness - lights lit,Normal,Rollover,Going straight,Not a Pedestrian,Driving under the influence of drugs,Slight Injury
13:16:00,31-50,Male,Elementary school,Employee,,Two-way (divided with broken lines road marking),Crossing,Asphalt roads,Darkness - lights lit,Normal,Vehicle with vehicle collision,Going straight,Not a Pedestrian,Changing lane to the right,Serious Injury
13:16:00,31-50,Male,Junior high school,Employee,1-2yr,,Crossing,Asphalt roads,Darkness - lights lit,Normal,Collision with roadside objects,Getting off,Not a Pedestrian,Driving carelessly,Serious Injury
13:16:00,31-50,Male,,Employee,5-10yr,Undivided Two way,No junction,Asphalt roads,Darkness - lights lit,Normal,Collision with pedestrians,Moving Backward,Not a Pedestrian,Moving Backward,Slight Injury
11:30:00,18-30,Male,Elementary school,Owner,1-2yr,other,No junction,Asphalt roads,Darkness - lights lit,Normal,Vehicle with vehicle collision,Other,Not a Pedestrian,Turnover,Slight Injury
11:30:00,18-30,Male,Junior high school,Employee,5-10yr,other,No junction,Asphalt roads,Daylight,Normal,Vehicle with vehicle collision,Going straight,Not a Pedestrian,Changing lane to the right,Slight Injury
19:31:00,18-30,Male,Junior high school,Employee,2-5yr,other,Y Shape,Asphalt roads with some distress,Daylight,Normal,Vehicle with vehicle collision,Going straight,Not a Pedestrian,Driving carelessly,Slight Injury
19:31:00,18-30,Male,Junior high school,Employee,2-5yr,,Y Shape,Asphalt roads,Darkness - lights lit,Normal,Vehicle with vehicle collision,Going straight,Not a Pedestrian,No priority to vehicle,Slight Injury
09:25:00,31-50,Male,Junior high school,Employee,5-10yr,Undivided Two way,No junction,Asphalt roads,Daylight,Normal,Vehicle with vehicle collision,Going straight,Not a Pedestrian,Moving Backward,Serious Injury
09:25:00,18-30,Male,Junior high school,Owner,Below 1yr,other,No junction,Asphalt roads,Daylight,Normal,Vehicle with vehicle collision,Going straight,Not a Pedestrian,Changing lane to the left,Serious Injury
14:10:00,18-30,Male,High school,Employee,Below 1yr,other,Crossing,Asphalt roads,Daylight,Normal,Vehicle with vehicle collision,Going straight,Crossing from nearside - masked by parked or statioNot a Pedestrianry vehicle,Overturning,Serious Injury
14:10:00,Over 51,Female,Junior high school,Employee,,Undivided Two way,Crossing,Asphalt roads,Darkness - lights lit,Normal,Collision with roadside objects,Going straight,Not a Pedestrian,No distancing,Serious Injury
14:00:00,31-50,Male,Junior high school,Employee,Below 1yr,other,No junction,Asphalt roads,Darkness - lights lit,Normal,Rollover,Going straight,Not a Pedestrian,Driving carelessly,Serious Injury
14:00:00,31-50,Male,Junior high school,Employee,2-5yr,Undivided Two way,No junction,Asphalt roads,Daylight,Normal,Vehicle with vehicle collision,Going straight,Not a Pedestrian,No distancing,Serious Injury
22:05:00,Unknown,Male,Junior high school,Employee,2-5yr,Double carriageway (median),No junction,Asphalt roads,Daylight,Normal,Collision with pedestrians,Going straight,Not a Pedestrian,Changing lane to the left,Serious Injury
22:05:00,Over 51,Male,Junior high school,Employee,5-10yr,other,Y Shape,Asphalt roads,Darkness - lights lit,Other,Vehicle with vehicle collision,Going straight,Not a Pedestrian,No priority to pedestrian,Serious Injury
07:00:00,18-30,Male,Elementary school,Employee,5-10yr,Undivided Two way,Y Shape,Asphalt roads,Darkness - lights lit,Other,Vehicle with vehicle collision,Going straight,Not a Pedestrian,No distancing,Serious Injury
07:00:00,31-50,Male,,Owner,5-10yr,One way,Y Shape,Asphalt roads,Daylight,Normal,Collision with pedestrians,Moving Backward,Not a Pedestrian,No distancing,Slight Injury
07:35:00,18-30,Male,Junior high school,Employee,5-10yr,Undivided Two way,Y Shape,Asphalt roads,Daylight,Normal,Collision with pedestrians,Going straight,Not a Pedestrian,Changing lane to the left,Serious Injury
07:35:00,31-50,Male,Junior high school,Owner,5-10yr,other,Y Shape,Asphalt roads,Daylight,Normal,Vehicle with vehicle collision,Moving Backward,Not a Pedestrian,No distancing,Serious Injury
08:43:00,31-50,Male,Illiterate,Employee,2-5yr,other,Crossing,Asphalt roads,Daylight,Normal,Vehicle with vehicle collision,Moving Backward,Not a Pedestrian,Changing lane to the left,Serious Injury
08:43:00,31-50,Male,Junior high school,Employee,5-10yr,One way,Crossing,Asphalt roads,Daylight,Normal,Vehicle with vehicle collision,Going straight,Crossing from nearside - masked by parked or statioNot a Pedestrianry vehicle,No distancing,Serious Injury
16:05:00,Over 51,Male,Junior high school,Employee,Below 1yr,One way,Y Shape,Asphalt roads,Daylight,Normal,Vehicle with vehicle collision,Going straight,Not a Pedestrian,No distancing,Slight Injury
22:05:00,18-30,Male,Junior high school,Employee,1-2yr,Undivided Two way,Y Shape,Asphalt roads,Daylight,Normal,Vehicle with vehicle collision,Going straight,Not a Pedestrian,No distancing,Slight Injury
22:05:00,18-30,Male,Elementary school,Employee,2-5yr,other,Y Shape,Asphalt roads,Daylight,Normal,Collision with roadside objects,Going straight,Not a Pedestrian,Changing lane to the left,Slight Injury
22:05:00,18-30,Male,Elementary school,Employee,2-5yr,Undivided Two way,Crossing,,Daylight,Normal,Vehicle with vehicle collision,Going straight,Not a Pedestrian,Changing lane to the right,Slight Injury
22:05:00,18-30,Female,Elementary school,Employee,5-10yr,other,Crossing,Asphalt roads,Daylight,Normal,Vehicle with vehicle collision,Going straight,Not a Pedestrian,Moving Backward,Slight Injury
03:40:00,18-30,Female,Junior high school,Employee,5-10yr,other,Crossing,Asphalt roads,Darkness - lights lit,Normal,Vehicle with vehicle collision,,Not a Pedestrian,Changing lane to the right,Fatal injury
09:25:00,Over 51,Female,Junior high school,Employee,Above 10yr,Double carriageway (median),Crossing,Asphalt roads,Darkness - lights lit,Normal,Vehicle with vehicle collision,Other,Not a Pedestrian,No distancing,Slight Injury
09:25:00,Unknown,Female,Elementary school,Owner,2-5yr,Undivided Two way,Crossing,Asphalt roads,Daylight,Normal,Vehicle with vehicle collision,Going straight,Not a Pedestrian,Overtaking,Slight Injury
09:25:00,Unknown,Female,Junior high school,Employee,5-10yr,other,Y Shape,Asphalt roads,Daylight,Raining,Vehicle with vehicle collision,,Not a Pedestrian,Other,Slight Injury
09:25:00,Unknown,Male,Junior high school,Employee,Below 1yr,other,No junction,Asphalt roads,Daylight,Raining,Vehicle with vehicle collision,Overtaking,Not a Pedestrian,Other,Slight Injury
09:25:00,Unknown,Male,Junior high school,Employee,5-10yr,Two-way (divided with solid lines road marking),No junction,Asphalt roads,Darkness - lights lit,Normal,Vehicle with vehicle collision,Reversing,Not a Pedestrian,Changing lane to the right,Slight Injury
09:25:00,Unknown,Male,High school,Employee,Above 10yr,Undivided Two way,No junction,Asphalt roads,Darkness - lights lit,Normal,Vehicle with vehicle collision,Going straight,Not a Pedestrian,No priority to pedestrian,Slight Injury
07:58:00,Under 18,Male,Junior high school,Employee,5-10yr,Undivided Two way,No junction,Asphalt roads,Daylight,Normal,Vehicle with vehicle collision,Other,Not a Pedestrian,No priority to vehicle,Slight Injury
07:58:00,18-30,Male,Elementary school,Employee,1-2yr,other,No junction,Asphalt roads,Daylight,Normal,Vehicle with vehicle collision,Moving Backward,Not a Pedestrian,Changing lane to the left,Slight Injury
20:15:00,18-30,Male,Junior high school,Employee,,Undivided Two way,No junction,Asphalt roads,Daylight,Normal,Vehicle with vehicle collision,Going straight,Not a Pedestrian,Changing lane to the left,Serious Injury
20:15:00,18-30,Male,Above high school,Employee,1-2yr,Undivided Two way,No junction,Asphalt roads,Daylight,Normal,Vehicle with vehicle collision,Other,Not a Pedestrian,Overtaking,Serious Injury
17:10:00,18-30,Female,Junior high school,Employee,Above 10yr,Double carriageway (median),No junction,Asphalt roads,Daylight,Normal,Vehicle with vehicle collision,Moving Backward,Not a Pedestrian,No distancing,Serious Injury
17:10:00,31-50,Male,Junior high school,Employee,1-2yr,Undivided Two way,No junction,Asphalt roads,Daylight,Normal,Vehicle with vehicle collision,Going straight,Not a Pedestrian,No priority to vehicle,Serious Injury
17:10:00,31-50,Male,Junior high school,Employee,5-10yr,other,No junction,Asphalt roads,Daylight,Normal,Collision with roadside objects,Going straight,Not a Pedestrian,Changing lane to the right,Slight Injury
15:30:00,Unknown,Male,Junior high school,Employee,2-5yr,other,Crossing,Asphalt roads,Daylight,Normal,Vehicle with vehicle collision,Moving Backward,Not a Pedestrian,Changing lane to the left,Slight Injury
15:30:00,18-30,Male,,,,other,Crossing,Asphalt roads,Daylight,Normal,Vehicle with vehicle collision,Going straight,Not a Pedestrian,No distancing,Slight Injury
09:47:00,18-30,Female,Junior high school,Employee,2-5yr,other,O Shape,Asphalt roads,Daylight,Normal,Vehicle with vehicle collision,Getting off,Not a Pedestrian,Driving carelessly,Slight Injury
09:47:00,Over 51,Female,Junior high school,Employee,2-5yr,Undivided Two way,O Shape,Asphalt roads,Daylight,Normal,Vehicle with vehicle collision,Going straight,Not a Pedestrian,No priority to pedestrian,Slight Injury
09:47:00,31-50,Female,Junior high school,Employee,Above 10yr,Two-way (divided with broken lines road marking),Y Shape,Asphalt roads,Daylight,Normal,Collision with pedestrians,Going straight,Not a Pedestrian,Driving carelessly,Slight Injury
11:19:00,18-30,Male,Junior high school,Employee,1-2yr,Two-way (divided with broken lines road marking),No junction,Asphalt roads,Darkness - lights lit,Normal,Vehicle with vehicle collision,Moving Backward,Not a Pedestrian,Moving Backward,Slight Injury
11:19:00,Over 51,Male,Above high school,Owner,1-2yr,Undivided Two way,Unknown,Asphalt roads,Darkness - lights lit,Normal,Vehicle with vehicle collision,Going straight,Not a Pedestrian,No distancing,Slight Injury
13:13:00,Unknown,Male,Above high school,Employee,No Licence,Undivided Two way,Unknown,Asphalt roads,Darkness - lights lit,Normal,Vehicle with vehicle collision,Going straight,Not a Pedestrian,No distancing,Slight Injury
13:13:00,18-30,Male,Junior high school,Employee,1-2yr,Two-way (divided with broken lines road marking),Unknown,Asphalt roads,Darkness - lights lit,Normal,Vehicle with vehicle collision,Going straight,Not a Pedestrian,No distancing,Slight Injury
15:55:00,18-30,Male,Junior high school,Employee,5-10yr,Two-way (divided with broken lines road marking),No junction,Asphalt roads,Darkness - lights lit,Normal,Vehicle with vehicle collision,Going straight,Not a Pedestrian,Changing lane to the left,Slight Injury
15:55:00,18-30,Male,Junior high school,Employee,Above 10yr,Undivided Two way,Y Shape,Asphalt roads,Daylight,Normal,Vehicle with vehicle collision,Going straight,Not a Pedestrian,Changing lane to the left,Slight Injury
15:55:00,31-50,Male,Junior high school,Employee,Above 10yr,Two-way (divided with broken lines road marking),No junction,Asphalt roads,Daylight,Normal,Vehicle with vehicle collision,Moving Backward,Not a Pedestrian,Moving Backward,Slight Injury
10:47:00,31-50,Male,Junior high school,Owner,5-10yr,Undivided Two way,No junction,Asphalt roads,Daylight,Normal,Vehicle with vehicle collision,Going straight,Not a Pedestrian,Changing lane to the right,Slight Injury
10:47:00,31-50,Male,Elementary school,Employee,2-5yr,Double carriageway (median),Y Shape,Asphalt roads,Daylight,Normal,Collision with pedestrians,Going straight,Not a Pedestrian,No priority to vehicle,Slight Injury
15:00:00,18-30,Male,Junior high school,Employee,2-5yr,Two-way (divided with broken lines road marking),Y Shape,Asphalt roads,Daylight,Normal,Vehicle with vehicle collision,Moving Backward,Not a Pedestrian,Moving Backward,Slight Injury
15:00:00,18-30,Male,Junior high school,Employee,Below 1yr,Two-way (divided with broken lines road marking),Y Shape,Asphalt roads,Daylight,Normal,Vehicle with vehicle collision,Moving Backward,Not a Pedestrian,Driving carelessly,Slight Injury
18:40:00,18-30,Male,Junior high school,Employee,2-5yr,Undivided Two way,Crossing,Asphalt roads,Daylight,Cloudy,Vehicle with vehicle collision,Going straight,Not a Pedestrian,Driving carelessly,Slight Injury
03:55:00,18-30,Unknown,Junior high school,Employee,2-5yr,Two-way (divided with broken lines road marking),Crossing,Asphalt roads,Daylight,Cloudy,Vehicle with vehicle collision,Going straight,Not a Pedestrian,Driving under the influence of drugs,Slight Injury
03:55:00,18-30,Male,Elementary school,Employee,5-10yr,Double carriageway (median),Y Shape,Asphalt roads,Daylight,Normal,Collision with roadside objects,Going straight,Not a Pedestrian,No priority to pedestrian,Slight Injury
03:55:00,18-30,Male,Junior high school,Employee,Above 10yr,Two-way (divided with broken lines road marking),Y Shape,Asphalt roads,Daylight,Normal,Vehicle with vehicle collision,Going straight,Not a Pedestrian,No priority to vehicle,Slight Injury
17:45:00,31-50,Male,,,,Two-way (divided with broken lines road marking),No junction,Asphalt roads,Daylight,Normal,Vehicle with vehicle collision,Going straight,Not a Pedestrian,Driving carelessly,Slight Injury
17:45:00,18-30,Male,Junior high school,Employee,2-5yr,Unknown,No junction,Asphalt roads,Daylight,Normal,Vehicle with vehicle collision,Going straight,Crossing from nearside - masked by parked or statioNot a Pedestrianry vehicle,Moving Backward,Slight Injury
17:45:00,18-30,Male,Junior high school,Employee,5-10yr,Double carriageway (median),No junction,Asphalt roads,Darkness - lights lit,Normal,Vehicle with vehicle collision,Going straight,Not a Pedestrian,Driving carelessly,Slight Injury
17:45:00,18-30,Male,Above high school,Employee,2-5yr,Two-way (divided with broken lines road marking),Y Shape,Asphalt roads,Darkness - lights lit,Normal,Vehicle with vehicle collision,Going straight,Not a Pedestrian,No priority to vehicle,Slight Injury
19:10:00,31-50,Male,,,,Two-way (divided with broken lines road marking),Y Shape,Asphalt roads,Daylight,Normal,Vehicle with vehicle collision,Going straight,Not a Pedestrian,Changing lane to the right,Slight Injury
10:13:00,31-50,Male,,Employee,1-2yr,One way,Crossing,Asphalt roads,Daylight,Normal,Vehicle with vehicle collision,Going straight,Not a Pedestrian,Changing lane to the left,Slight Injury
10:13:00,Over 51,Male,Junior high school,Employee,2-5yr,Undivided Two way,No junction,Asphalt roads,Daylight,Normal,Collision with roadside objects,Other,Not a Pedestrian,No priority to vehicle,Slight Injury
09:48:00,Under 18,Male,Junior high school,Employee,Above 10yr,Undivided Two way,Unknown,Asphalt roads,Daylight,Normal,Vehicle with vehicle collision,Going straight,Not a Pedestrian,Driving carelessly,Slight Injury
09:48:00,18-30,Male,Junior high school,Employee,Below 1yr,other,O Shape,Asphalt roads,Daylight,Normal,Vehicle with vehicle collision,Reversing,Not a Pedestrian,Moving Backward,Slight Injury
16:20:00,18-30,Male,Junior high school,Employee,2-5yr,Two-way (divided with broken lines road marking),O Shape,Asphalt roads,Daylight,Normal,Vehicle with vehicle collision,Going straight,Not a Pedestrian,No distancing,Slight Injury
16:20:00,18-30,Male,Junior high school,Employee,Below 1yr,Undivided Two way,No junction,Asphalt roads,Daylight,Normal,Vehicle with vehicle collision,Reversing,Crossing from offside - masked by  parked or statioNot a Pedestrianry vehicle,Changing lane to the left,Slight Injury
19:40:00,18-30,Male,High school,Employee,5-10yr,Two-way (divided with broken lines road marking),No junction,Asphalt roads,Daylight,Normal,Rollover,Going straight,Not a Pedestrian,Changing lane to the left,Slight Injury
16:53:00,18-30,Male,Above high school,Employee,1-2yr,Double carriageway (median),No junction,Asphalt roads,Daylight,Raining,Vehicle with vehicle collision,Reversing,Not a Pedestrian,No distancing,Slight Injury
12:55:00,31-50,Male,Junior high school,Employee,Below 1yr,Undivided Two way,Y Shape,Asphalt roads,Daylight,Normal,Vehicle with vehicle collision,,Not a Pedestrian,Changing lane to the left,Slight Injury
19:32:00,31-50,Male,,,,Undivided Two way,Y Shape,Asphalt roads,Daylight,Normal,Collision with roadside objects,Going straight,Not a Pedestrian,Driving carelessly,Slight Injury
19:32:00,18-30,Male,High school,Employee,Below 1yr,Two-way (divided with broken lines road marking),Y Shape,Asphalt roads,Daylight,Normal,Vehicle with vehicle collision,Reversing,Not a Pedestrian,Changing lane to the left,Slight Injury
17:35:00,18-30,Male,High school,Employee,Below 1yr,Double carriageway (median),Y Shape,Asphalt roads,Daylight,Normal,Vehicle with vehicle collision,Other,Not a Pedestrian,No distancing,Slight Injury
17:35:00,Over 51,Male,,,,Undivided Two way,Crossing,Asphalt roads,Daylight,Raining,Vehicle with vehicle collision,Going straight,Not a Pedestrian,Changing lane to the right,Serious Injury
17:35:00,Over 51,Male,High school,Employee,2-5yr,other,No junction,Asphalt roads,Daylight,Normal,Collision with roadside objects,Going straight,Crossing from nearside - masked by parked or statioNot a Pedestrianry vehicle,No distancing,Slight Injury
18:40:00,18-30,Male,Junior high school,Employee,Above 10yr,Two-way (divided with broken lines road marking),No junction,Asphalt roads,Daylight,Normal,Collision with roadside objects,Going straight,Not a Pedestrian,Driving to the left,Slight Injury
18:40:00,18-30,Male,Junior high school,Employee,Above 10yr,Undivided Two way,No junction,Asphalt roads,Daylight,Normal,Vehicle with vehicle collision,Moving Backward,Not a Pedestrian,No distancing,Slight Injury
15:47:00,31-50,Male,Junior high school,Employee,5-10yr,Undivided Two way,Y Shape,Asphalt roads,Daylight,Normal,Vehicle with vehicle collision,Going straight,Not a Pedestrian,Overtaking,Slight Injury
14:57:00,Under 18,Male,Junior high school,Employee,1-2yr,Double carriageway (median),Y Shape,Asphalt roads,Daylight,Normal,Collision with roadside objects,Going straight,Not a Pedestrian,Driving under the influence of drugs,Slight Injury
17:25:00,31-50,Male,Unknown,Employee,Below 1yr,Undivided Two way,Y Shape,Asphalt roads,Daylight,Raining,Collision with roadside objects,Going straight,Not a Pedestrian,No priority to pedestrian,Slight Injury
17:25:00,31-50,Male,Junior high school,Employee,Below 1yr,Undivided Two way,Crossing,Asphalt roads,Daylight,Raining,Vehicle with vehicle collision,Going straight,Not a Pedestrian,Moving Backward,Slight Injury
17:25:00,31-50,Male,High school,Employee,2-5yr,other,Crossing,Asphalt roads,Daylight,Normal,Collision with pedestrians,Other,Not a Pedestrian,Changing lane to the right,Serious Injury
17:22:00,Over 51,Male,Junior high school,Owner,1-2yr,Two-way (divided with broken lines road marking),Crossing,Asphalt roads,Daylight,Normal,Vehicle with vehicle collision,,Not a Pedestrian,Changing lane to the left,Serious Injury
17:22:00,Under 18,Male,Junior high school,Employee,5-10yr,Two-way (divided with broken lines road marking),Y Shape,Asphalt roads,Daylight,Normal,Vehicle with vehicle collision,Going straight,Not a Pedestrian,Changing lane to the right,Slight Injury
16:05:00,18-30,Male,Elementary school,Employee,2-5yr,Undivided Two way,Y Shape,Asphalt roads,Daylight,Normal,Vehicle with vehicle collision,Turnover,Not a Pedestrian,Driving under the influence of drugs,Slight Injury
16:05:00,31-50,Male,Elementary school,Owner,5-10yr,Double carriageway (median),Y Shape,Asphalt roads,Daylight,Normal,Vehicle with vehicle collision,Going straight,"In carriageway, statioNot a Pedestrianry - not crossing  (standing or playing)",No priority to vehicle,Slight Injury
16:05:00,18-30,Male,Junior high school,Employee,Above 10yr,Double carriageway (median),Y Shape,Asphalt roads,Daylight,Normal,Vehicle with vehicle collision,Moving Backward,Crossing from offside - masked by  parked or statioNot a Pedestrianry vehicle,No priority to vehicle,Slight Injury
09:00:00,18-30,Male,Junior high school,Employee,5-10yr,Two-way (divided with broken lines road marking),Y Shape,Asphalt roads,Daylight,Normal,Collision with roadside objects,Moving Backward,Crossing from offside - masked by  parked or statioNot a Pedestrianry vehicle,Changing lane to the left,Serious Injury
09:00:00,18-30,Male,High school,Employee,5-10yr,Two-way (divided with broken lines road marking),Y Shape,Asphalt roads,Daylight,Normal,Collision with roadside objects,Going straight,Not a Pedestrian,Changing lane to the right,Serious Injury